"020211895","(OCoLC)747798947","(OCoLC)784652403"
"020132274","(OCoLC)647906118","(OCoLC)493304567"
"020003700","(OCoLC)226280292","(OCoLC)260254263"
"020263706","(OCoLC)42980854","(OCoLC)45181603"
"020030917","(OCoLC)312625410","(OCoLC)277069168"
"020163383","(OCoLC)30521344","(OCoLC)30963852"
"020195564","(OCoLC)53709235","(OCoLC)59298870"
"020212378","(OCoLC)747798977","(OCoLC)780754851"
"020139951","(OCoLC)318869130","(OCoLC)76935728"
"020104915","(OCoLC)786256024","(OCoLC)29319"
"020066876","(OCoLC)49959256","(OCoLC)52894233"
"020300157","(OCoLC)01365071","(OCoLC)223708240"
"020202282","(OCoLC)747798223","(OCoLC)794307878"
"020072464","(OCoLC)12408468","(OCoLC)4644489"
"020095917","(OCoLC)324999143","(OCoLC)243597127"
"020035854","(OCoLC)231168114","(OCoLC)416878763"
"020177961","(OCoLC)05773887","(OCoLC)815975880"
"020124095","(OCoLC)21519937","(OCoLC)9120728"
"020213896","(OCoLC)717595272","(OCoLC)123493151"
"020015563","(OCoLC)436233664","(OCoLC)730242396"
"020215619","(OCoLC)31630894","(OCoLC)34548927"
"020069091","(OCoLC)00742310","(OCoLC)264931"
"020260112","(OCoLC)245540991","(OCoLC)63765864"
"020249694","(OCoLC)00191366","(OCoLC)14549189"
"020144102","(OCoLC)49884513","(OCoLC)53098916"
"020162073","(OCoLC)54455821","(OCoLC)48096124"
"020162135","(OCoLC)54455905","(OCoLC)48096145"
"020226027","(OCoLC)180766727","(OCoLC)85790839"
"020196195","(OCoLC)747797696","(OCoLC)794307780"
"020296717","(OCoLC)71676964","(OCoLC)141379470"
"020234842","(OCoLC)53459399","(OCoLC)55972812"
"020184638","(OCoLC)29653951","(OCoLC)14393576"
"020197280","(OCoLC)747797800","(OCoLC)780753426"
"020197331","(OCoLC)747797805","(OCoLC)780752823"
"020197379","(OCoLC)747797810","(OCoLC)780752948"
"020115187","(OCoLC)42728989","(OCoLC)40989499"
"020323162","(OCoLC)14085851","(OCoLC)13459456"
"020295206","(OCoLC)01327044","(OCoLC)4193424"
"020060739","(OCoLC)50446300","(OCoLC)51607156"
